Date,Open Price,High Price,Low Price,Close Price,WAP,No.of Shares,No. of Trades,Total Turnover (Rs.),Deliverable Quantity,% Deli. Qty to Traded Qty,Spread High-Low,Spread Close-Open,Ch(t) Open Price,SMA Open Price,Ch(t) High Price,SMA High Price,Ch(t) Low Price,SMA Low Price,Ch(t)- Close Price,SMA Close Price,Label
01-Feb-05,9.91,10.11,9.8,9.8,9.957101449,3450,32,34352,2100,60.87,0.31,-0.11,0,9.91,0,10.11,0,9.8,0,9.8,0
02-Feb-05,9.3,10,9.3,9.67,9.845919779,3615,14,35593,3515,97.23,0.7,0.37,-0.061553986,9.605,-0.010880317,10.055,-0.051020408,9.55,-0.013265306,9.735,0
03-Feb-05,10.4,10.6,9.8,10,10.04,6100,33,61244,5788,94.89,0.8,-0.4,0.11827957,9.87,0.06,10.23666667,0.053763441,9.633333333,0.034126163,9.823333333,0
04-Feb-05,10,10.5,10,10.45,10.38834437,3775,39,39216,3775,100,0.5,0.45,-0.038461538,9.9025,-0.009433962,10.3025,0.020408163,9.725,0.045,9.98,0
07-Feb-05,10.21,10.6,10.21,10.4,10.53276956,946,8,9964,873,92.28,0.39,0.19,0.021,9.964,0.00952381,10.362,0.021,9.822,-0.004784689,10.064,0
08-Feb-05,9.85,10.8,9.85,10.8,10.38101695,1475,18,15312,1300,88.14,0.95,0.95,-0.035259549,9.945,0.018867925,10.435,-0.035259549,9.826666667,0.038461538,10.18666667,0
09-Feb-05,10.06,10.8,10.05,10.41,10.37741176,6375,58,66156,5650,88.63,0.75,0.35,0.021319797,9.961428571,0,10.48714286,0.020304569,9.858571429,-0.036111111,10.21857143,0
10-Feb-05,10.2,10.8,10.2,10.61,10.54648649,3700,41,39022,3425,92.57,0.6,0.41,0.013916501,9.99125,0,10.52625,0.014925373,9.90125,0.019212296,10.2675,0
11-Feb-05,10.25,11.67,10.25,11.47,11.34327315,8585,76,97382,7785,90.68,1.42,1.22,0.004901961,10.02,0.080555556,10.65333333,0.004901961,9.94,0.081055608,10.40111111,0
14-Feb-05,11.55,12.61,11.55,12.61,12.42528254,14334,76,178104,12359,86.22,1.06,1.06,0.126829268,10.173,0.080548415,10.849,0.126829268,10.101,0.099389712,10.622,0
15-Feb-05,13.87,13.87,11.76,13.87,13.60757413,13995,56,190438,13545,96.78,2.11,0,0.200865801,10.50909091,0.099920698,11.12363636,0.018181818,10.25181818,0.099920698,10.91727273,0
16-Feb-05,15.25,15.25,15.05,15.25,15.23802691,48087,82,732751,38087,79.2,0.2,0,0.099495314,10.90416667,0.099495314,11.4675,0.279761905,10.65166667,0.099495314,11.27833333,0
17-Feb-05,16.7,16.7,14,15.48,15.67142834,61603,373,965407,53611,87.03,2.7,-1.22,0.095081967,11.35,0.095081967,11.87,-0.069767442,10.90923077,0.015081967,11.60153846,0
18-Feb-05,16.4,17.02,15.7,17.02,16.74039864,61710,240,1033050,51505,83.46,1.32,0.62,-0.017964072,11.71071429,0.019161677,12.23785714,0.121428571,11.25142857,0.099483204,11.98857143,0
21-Feb-05,18.7,18.72,18,18.72,18.69231259,31389,68,586733,25289,80.57,0.72,0.02,0.140243902,12.17666667,0.099882491,12.67,0.146496815,11.70133333,0.099882491,12.43733333,0
22-Feb-05,20.59,20.59,19.55,20.59,20.31592905,56940,267,1156789,44070,77.4,1.04,0,0.101069519,12.7025,0.099893162,13.165,0.086111111,12.191875,0.099893162,12.946875,0
23-Feb-05,22.64,22.64,21,22.64,22.49035223,41564,50,934789,41564,100,1.64,0,0.099562895,13.28705882,0.099562895,13.72235294,0.074168798,12.71,0.099562895,13.51705882,0
24-Feb-05,23.77,23.77,21.51,22.12,23.13885406,144353,639,3340163,95291,66.01,2.26,-1.65,0.049911661,13.86944444,0.049911661,14.28055556,0.024285714,13.19888889,-0.022968198,13.995,0
25-Feb-05,22.25,23,21.02,21.02,21.94901313,64801,341,1422318,57477,88.7,1.98,-1.23,-0.063946151,14.31052632,-0.032393774,14.73947368,-0.022780102,13.61052632,-0.049728752,14.36473684,0
28-Feb-05,20,20,19.97,19.97,19.98686306,5024,13,100414,5024,100,0.03,-0.03,-0.101123596,14.595,-0.130434783,15.0025,-0.049952426,13.9285,-0.049952426,14.645,0
01-Mar-05,18.98,18.98,18.98,18.98,18.98,3200,10,60736,3200,100,0,0,-0.051,14.80380952,-0.051,15.19190476,-0.049574362,14.16904762,-0.049574362,14.85142857,0
02-Mar-05,18.04,18.04,18.04,18.04,18.0399449,1452,8,26194,1452,100,0,0,-0.049525817,14.95090909,-0.049525817,15.32136364,-0.049525817,14.345,-0.049525817,14.99636364,0
03-Mar-05,17.14,18.94,17.14,18.94,18.47469266,29853,137,551525,25096,84.07,1.8,1.8,-0.049889135,15.04608696,0.049889135,15.47869565,-0.049889135,14.46652174,0.049889135,15.16782609,0
04-Mar-05,19,19.5,18,18.01,18.40750901,24424,140,449585,22974,94.06,1.5,-0.99,0.108518086,15.21083333,0.029567054,15.64625,0.050175029,14.61375,-0.049102429,15.28625,0
07-Mar-05,18.91,18.91,17.11,17.11,17.24625103,19472,96,335819,16121,82.79,1.8,-1.8,-0.004736842,15.3588,-0.03025641,15.7768,-0.049444444,14.7136,-0.049972238,15.3592,0
08-Mar-05,16.36,17.5,16.36,16.61,16.73059253,8489,52,142026,7457,87.84,1.14,0.25,-0.134849286,15.39730769,-0.074563723,15.84307692,-0.043834015,14.77692308,-0.029222677,15.40730769,0
09-Mar-05,16.75,16.95,15.78,15.81,15.99718586,15280,60,244437,13380,87.57,1.17,-0.94,0.023838631,15.44740741,-0.031428571,15.88407407,-0.035452323,14.81407407,-0.048163757,15.42222222,0
10-Mar-05,15.4,16.6,15.3,16.6,16.13416114,10711,73,172813,7461,69.66,1.3,1.2,-0.080597015,15.44571429,-0.020648968,15.90964286,-0.030418251,14.83142857,0.049968374,15.46428571,0
11-Mar-05,17.25,17.43,17.25,17.43,17.40104507,9186,31,159846,8686,94.56,0.18,0.18,0.12012987,15.50793103,0.05,15.96206897,0.12745098,14.91482759,0.05,15.53206897,0
14-Mar-05,18.3,18.3,17.65,18.3,18.24997838,23130,97,422122,21325,92.2,0.65,0,0.060869565,15.601,0.049913941,16.04,0.023188406,15.006,0.049913941,15.62433333,0
15-Mar-05,19.2,19.21,19.2,19.21,19.2065,8000,27,153652,8000,100,0.01,0.01,0.049180328,15.71709677,0.049726776,16.14225806,0.087818697,15.14129032,0.049726776,15.74,0
16-Mar-05,20.17,20.17,19.65,20.13,20.11734835,28948,112,582357,27696,95.68,0.52,-0.04,0.050520833,15.85625,0.049973972,16.268125,0.0234375,15.2821875,0.047891723,15.8771875,0
17-Mar-05,20.9,21.13,19.13,19.13,20.20847722,14769,67,298459,12800,86.67,2,-1.77,0.036192365,16.00909091,0.047595439,16.41545455,-0.026463104,15.39878788,-0.049677099,15.97575758,0
18-Mar-05,18.19,19.8,18.18,19.16,18.84522417,30780,98,580056,24546,79.75,1.62,0.97,-0.129665072,16.07323529,-0.062943682,16.515,-0.04966022,15.48058824,0.001568217,16.06941176,0
21-Mar-05,18.55,20.11,18.55,19.95,19.98868044,22174,87,443229,16936,76.38,1.56,1.4,0.019791094,16.144,0.015656566,16.61771429,0.020352035,15.56828571,0.041231733,16.18028571,0
22-Mar-05,20.8,20.8,19.1,19.1,19.57928297,23681,56,463657,20443,86.33,1.7,-1.7,0.121293801,16.27333333,0.034311288,16.73388889,0.029649596,15.66638889,-0.042606516,16.26138889,0
23-Mar-05,19.5,19.5,18.35,18.47,18.53084776,9012,23,167000,8512,94.45,1.15,-1.03,-0.0625,16.36054054,-0.0625,16.80864865,-0.039267016,15.73891892,-0.032984293,16.32108108,0
24-Mar-05,18.45,18.7,17.55,17.72,17.92609865,5575,30,99938,5225,93.72,1.15,-0.73,-0.053846154,16.41552632,-0.041025641,16.85842105,-0.04359673,15.78657895,-0.040606389,16.35789474,0
28-Mar-05,18.25,18.6,18.25,18.6,18.5456152,4527,13,83956,4527,100,0.35,0.35,-0.010840108,16.4625641,-0.005347594,16.90307692,0.03988604,15.84974359,0.0496614,16.41538462,0
29-Mar-05,18.95,19.4,17.68,17.72,18.22628019,15525,45,282963,14770,95.14,1.72,-1.23,0.038356164,16.52475,0.043010753,16.9655,-0.031232877,15.8955,-0.047311828,16.448,0
30-Mar-05,17.3,18.3,17.3,18.3,17.96666667,150,2,2695,150,100,1,1,-0.08707124,16.54365854,-0.056701031,16.99804878,-0.021493213,15.9297561,0.032731377,16.49317073,0
31-Mar-05,18.15,19.21,18.15,19,19.15084525,6152,30,117816,6150,99.97,1.06,0.85,0.049132948,16.58190476,0.049726776,17.05071429,0.049132948,15.98261905,0.038251366,16.55285714,0
01-Apr-05,19.5,19.8,18.5,19.68,19.4185567,2425,12,47090,2325,95.88,1.3,0.18,0.074380165,16.64976744,0.03071317,17.11465116,0.019283747,16.04116279,0.035789474,16.6255814,0
04-Jul-05,17.5,19.3,17.5,19.3,19.18960245,6213,24,119225,6113,98.39,1.8,1.8,0,17.5,0,19.3,0,17.5,0,19.3,1
05-Jul-05,20,21.2,20,21.2,21.13073593,5775,19,122030,5775,100,1.2,1.2,0.142857143,18.75,0.098445596,20.25,0.142857143,18.75,0.098445596,20.25,1
06-Jul-05,23.3,23.3,23.3,23.3,23.299946,3704,25,86303,3704,100,0,0,0.165,20.26666667,0.099056604,21.26666667,0.165,20.26666667,0.099056604,21.26666667,1
07-Jul-05,25.6,25.6,25.6,25.6,25.6,20275,69,519040,20275,100,0,0,0.098712446,21.6,0.098712446,22.35,0.098712446,21.6,0.098712446,22.35,1
08-Jul-05,28.15,28.15,28.15,28.15,28.14996111,19285,41,542872,19285,100,0,0,0.099609375,22.91,0.099609375,23.51,0.099609375,22.91,0.099609375,23.51,1
11-Jul-05,30.95,30.95,28.05,28.25,29.73015284,121302,387,3606327,92702,76.42,2.9,-2.7,0.09946714,24.25,0.09946714,24.75,-0.003552398,23.76666667,0.003552398,24.3,1
12-Jul-05,28.9,28.9,27.8,28.15,28.26292293,25536,104,721722,22713,88.95,1.1,-0.75,-0.066235864,24.91428571,-0.066235864,25.34285714,-0.008912656,24.34285714,-0.003539823,24.85,1
13-Jul-05,29.15,29.55,28.25,29.4,29.27008619,35385,110,1035722,30032,84.87,1.3,0.25,0.008650519,25.44375,0.022491349,25.86875,0.01618705,24.83125,0.044404973,25.41875,1
14-Jul-05,30,30.85,30,30.85,30.79670358,19233,66,592313,19181,99.73,0.85,0.85,0.02915952,25.95,0.043993232,26.42222222,0.061946903,25.40555556,0.049319728,26.02222222,1
15-Jul-05,32.35,32.35,31,31.6,31.90265959,28087,92,896050,28087,100,1.35,-0.75,0.078333333,26.59,0.048622366,27.015,0.033333333,25.965,0.024311183,26.58,1
18-Jul-05,32.5,32.5,30.05,30.2,30.65933232,11862,60,363681,11862,100,2.45,-2.3,0.004636785,27.12727273,0.004636785,27.51363636,-0.030645161,26.33636364,-0.044303797,26.90909091,1
19-Jul-05,31.05,31.65,28.7,31,30.46691112,28363,93,864133,28363,100,2.95,-0.05,-0.044615385,27.45416667,-0.026153846,27.85833333,-0.044925125,26.53333333,0.026490066,27.25,1
20-Jul-05,31.5,32.55,29.5,31.7,31.67508811,67526,104,2138892,67526,100,3.05,0.2,0.014492754,27.76538462,0.028436019,28.21923077,0.027874564,26.76153846,0.022580645,27.59230769,1
21-Jul-05,32.5,33.25,31.25,33.25,33.02719553,44750,101,1477967,44750,100,2,0.75,0.031746032,28.10357143,0.021505376,28.57857143,0.059322034,27.08214286,0.048895899,27.99642857,1
22-Jul-05,33.6,34.9,33.6,34.9,34.79928188,28129,60,978869,28129,100,1.3,1.3,0.033846154,28.47,0.04962406,29,0.0752,27.51666667,0.04962406,28.45666667,1
25-Jul-05,36.6,36.6,36.6,36.6,36.6,13510,26,494466,13510,100,0,0,0.089285714,28.978125,0.048710602,29.475,0.089285714,28.084375,0.048710602,28.965625,1
26-Jul-05,38.4,38.4,38.4,38.4,38.4,11460,29,440064,11460,100,0,0,0.049180328,29.53235294,0.049180328,30,0.049180328,28.69117647,0.049180328,29.52058824,1
27-Jul-05,40.3,40.3,36.5,36.75,38.89640929,117414,173,4566983,117414,100,3.8,-3.55,0.049479167,30.13055556,0.049479167,30.57222222,-0.049479167,29.125,-0.04296875,29.92222222,1
29-Jul-05,37.5,38.55,35.5,38.5,38.03299096,32615,83,1240446,32615,100,3.05,1,-0.069478908,30.51842105,-0.043424318,30.99210526,-0.02739726,29.46052632,0.047619048,30.37368421,1
01-Aug-05,38.5,40,36.6,36.9,38.77609547,21201,70,822092,21201,100,3.4,-1.6,0.026666667,30.9175,0.037613489,31.4425,0.030985915,29.8175,-0.041558442,30.7,1
02-Aug-05,36.6,38.7,36.6,37.8,37.68431281,25728,62,969542,25728,100,2.1,1.2,-0.049350649,31.18809524,-0.0325,31.78809524,0,30.14047619,0.024390244,31.03809524,1
03-Aug-05,37.1,37.75,36.75,36.9,36.99550388,6450,32,238621,6450,100,1,-0.2,0.013661202,31.45681818,-0.024547804,32.05909091,0.004098361,30.44090909,-0.023809524,31.30454545,1
04-Aug-05,36,38,36,37.75,37.25881961,9014,44,335851,9014,100,2,1.75,-0.029649596,31.65434783,0.006622517,32.3173913,-0.020408163,30.6826087,0.02303523,31.58478261,1
05-Aug-05,37.7,38,37,37.15,37.52071487,6155,30,230940,6155,100,1,-0.55,0.047222222,31.90625,0,32.55416667,0.027777778,30.94583333,-0.01589404,31.81666667,1
08-Aug-05,37.5,39,37.5,39,38.20284803,70856,103,2706901,70856,100,1.5,1.5,-0.00530504,32.13,0.026315789,32.812,0.013513514,31.208,0.049798116,32.104,1
09-Aug-05,40,40.95,38.6,40.95,39.4981778,54330,71,2145936,54330,100,2.35,0.95,0.066666667,32.43269231,0.05,33.125,0.029333333,31.49230769,0.05,32.44423077,1
10-Aug-05,42.95,42.95,42.2,42.95,42.51293251,38005,36,1615704,38005,100,0.75,0,0.07375,32.82222222,0.048840049,33.48888889,0.093264249,31.88888889,0.048840049,32.83333333,1
11-Aug-05,45.05,45.05,45.05,45.05,45.04996124,14191,42,639304,14191,100,0,0,0.048894063,33.25892857,0.048894063,33.90178571,0.067535545,32.35892857,0.048894063,33.26964286,1
12-Aug-05,47.3,47.3,45,46.85,46.82915902,136829,215,6407587,136829,100,2.3,-0.45,0.049944506,33.74310345,0.049944506,34.3637931,-0.001109878,32.79482759,0.039955605,33.73793103,1
16-Aug-05,44.6,49.15,44.55,49.15,48.07596393,54776,92,2633409,54776,100,4.6,4.55,-0.057082452,34.105,0.039112051,34.85666667,-0.01,33.18666667,0.04909285,34.25166667,1
17-Aug-05,51.6,51.6,49,51.6,51.05890458,52254,96,2668032,52254,100,2.6,0,0.156950673,34.66935484,0.049847406,35.39677419,0.099887767,33.69677419,0.049847406,34.81129032,1
18-Aug-05,53,53,49.1,51.45,50.80781624,58033,119,2948530,58033,100,3.9,-1.55,0.027131783,35.2421875,0.027131783,35.946875,0.002040816,34.178125,-0.002906977,35.33125,1
19-Aug-05,50,53.75,49.5,52.6,51.27377812,52685,76,2701359,52685,100,4.25,2.6,-0.056603774,35.68939394,0.014150943,36.48636364,0.00814664,34.64242424,0.022351798,35.85454545,1
22-Aug-05,51.5,55.2,51.5,54.75,54.1408809,109660,111,5937089,109660,100,3.7,3.25,0.03,36.15441176,0.026976744,37.03676471,0.04040404,35.13823529,0.040874525,36.41029412,1
23-Aug-05,54,57.1,53,56.05,54.65715909,77447,138,4233033,77447,100,4.1,2.05,0.048543689,36.66428571,0.03442029,37.61,0.029126214,35.64857143,0.023744292,36.97142857,1
24-Aug-05,58.5,58.5,54,55,55.38475785,14578,70,807399,14578,100,4.5,-3.5,0.083333333,37.27083333,0.024518389,38.19027778,0.018867925,36.15833333,-0.018733274,37.47222222,1
25-Aug-05,56,56.95,54,55.6,56.41215265,47611,74,2685839,47611,100,2.95,-0.4,-0.042735043,37.77702703,-0.026495726,38.6972973,0,36.64054054,0.010909091,37.96216216,1
26-Aug-05,55,56.9,53,55.95,55.6904534,91928,83,5119512,91928,100,3.9,0.95,-0.017857143,38.23026316,-0.000877963,39.17631579,-0.018518519,37.07105263,0.006294964,38.43552632,1
29-Aug-05,55.1,56.95,53.2,54.45,54.91129014,44809,71,2460520,44809,100,3.75,-0.65,0.001818182,38.66282051,0.000878735,39.63205128,0.003773585,37.48461538,-0.026809651,38.84615385,1
30-Aug-05,56.75,56.85,52,55.3,55.21708049,78616,86,4340946,78616,100,4.85,-1.45,0.029945554,39.115,-0.001755926,40.0625,-0.022556391,37.8475,0.015610652,39.2575,1
31-Aug-05,55,56.85,53.6,54.75,54.11755219,56426,78,3053637,56426,100,3.25,-0.25,-0.030837004,39.50243902,0,40.47195122,0.030769231,38.23170732,-0.00994575,39.63536585,1
01-Sep-05,55.5,56.85,53.1,54.6,54.83697789,90546,120,4965269,90546,100,3.75,-0.9,0.009090909,39.88333333,0,40.86190476,-0.009328358,38.58571429,-0.002739726,39.99166667,1
02-Sep-05,57.3,57.3,52.5,54,54.98124672,66655,176,3664775,66655,100,4.8,-3.3,0.032432432,40.28837209,0.007915567,41.24418605,-0.011299435,38.90930233,-0.010989011,40.31744186,1
05-Sep-05,56.7,56.7,55.5,56.5,56.59346094,174490,141,9874993,174490,100,1.2,-0.2,-0.010471204,40.66136364,-0.010471204,41.59545455,0.057142857,39.28636364,0.046296296,40.68522727,1
06-Sep-05,58.7,59.3,58,58.6,58.94028735,77605,165,4574061,77605,100,1.3,-0.1,0.035273369,41.06222222,0.045855379,41.98888889,0.045045045,39.70222222,0.037168142,41.08333333,1
08-Sep-05,59,61.5,59,61.45,60.73785844,210249,313,12770074,210249,100,2.5,2.45,0.005110733,41.45217391,0.037099494,42.41304348,0.017241379,40.12173913,0.048634812,41.52608696,1
09-Sep-05,63.5,64.5,59,61.4,60.90364412,146208,235,8904600,146208,100,5.5,-2.1,0.076271186,41.9212766,0.048780488,42.88297872,0,40.52340426,-0.00081367,41.94893617,1
12-Sep-05,64.45,64.45,60.9,62.45,61.69802302,190594,229,11759273,190594,100,3.55,-2,0.01496063,42.390625,-0.000775194,43.33229167,0.03220339,40.94791667,0.017100977,42.37604167,1
13-Sep-05,65.55,65.55,60,61.55,63.18100422,148991,312,9413401,148991,100,5.55,-4,0.017067494,42.86326531,0.017067494,43.78571429,-0.014778325,41.33673469,-0.014411529,42.76734694,1
14-Sep-05,64.1,64.1,60,60.3,62.04897743,154561,217,9590352,154561,100,4.1,-3.8,0,64.1,0,64.1,0,60,0,60.3,0
15-Sep-05,63,63,60,61.55,61.40076,132895,166,8159854,132895,100,3,-1.45,-0.017160686,63.55,-0.017160686,63.55,0,60,0.020729685,60.925,0
16-Sep-05,63,63,61.1,62.15,62.24226405,121446,186,7559074,121446,100,1.9,-0.85,0,63.36666667,0,63.36666667,0.018333333,60.36666667,0.009748172,61.33333333,0
19-Sep-05,63.5,65.25,61.9,65.15,63.83185796,337429,325,21538720,337429,100,3.35,1.65,0.007936508,63.4,0.035714286,63.8375,0.01309329,60.75,0.048270314,62.2875,0
20-Sep-05,66,66,61.9,63.85,63.3065057,141645,253,8967050,141645,100,4.1,-2.15,0.039370079,63.92,0.011494253,64.27,0,60.98,-0.019953952,62.6,0
21-Sep-05,64,64,60.7,61.7,61.00564579,110879,194,6764245,110879,100,3.3,-2.3,-0.03030303,63.93333333,-0.03030303,64.225,-0.019386107,60.93333333,-0.03367267,62.45,0
22-Sep-05,62.8,62.8,58.65,58.65,58.6599472,4167,12,244436,4167,100,4.15,-4.15,-0.01875,63.77142857,-0.01875,64.02142857,-0.033772652,60.60714286,-0.049432739,61.90714286,0
23-Sep-05,55.75,55.75,55.75,55.75,55.75,41800,47,2330350,41800,100,0,0,-0.112261146,62.76875,-0.112261146,62.9875,-0.049445865,60,-0.049445865,61.1375,0
26-Sep-05,53,55.5,53,53.05,53.12374194,15500,70,823418,15500,100,2.5,0.05,-0.049327354,61.68333333,-0.004484305,62.15555556,-0.049327354,59.22222222,-0.048430493,60.23888889,0
27-Sep-05,50.4,55.25,50.4,50.45,51.78552932,111605,203,5779524,111605,100,4.85,0.05,-0.049056604,60.555,-0.004504505,61.465,-0.049056604,58.34,-0.049010368,59.26,0
28-Sep-05,52.5,52.95,47.95,50.7,51.3972875,59871,130,3077207,59871,100,5,-1.8,0.041666667,59.82272727,-0.041628959,60.69090909,-0.048611111,57.39545455,0.004955401,58.48181818,0
29-Sep-05,48.2,48.2,48.2,48.2,48.2,2300,6,110860,2300,100,0,0,-0.081904762,58.85416667,-0.089707271,59.65,0.005213764,56.62916667,-0.049309665,57.625,0
30-Sep-05,45.8,50.6,45.8,49.05,45.9753278,93425,138,4295245,93425,100,4.8,3.25,-0.049792531,57.85,0.049792531,58.95384615,-0.049792531,55.79615385,0.017634855,56.96538462,0
03-Oct-05,50,51.5,47,51.5,50.93232,178487,168,9090757,178487,100,4.5,1.5,0.091703057,57.28928571,0.017786561,58.42142857,0.026200873,55.16785714,0.049949032,56.575,0
04-Oct-05,54,54.05,52,54.05,53.53972045,68252,160,3654193,68252,100,2.05,0.05,0.08,57.07,0.049514563,58.13,0.106382979,54.95666667,0.049514563,56.40666667,0
05-Oct-05,56,56.5,52.5,54.8,54.75724804,41425,123,2268319,41425,100,4,-1.2,0.037037037,57.003125,0.0453284,58.028125,0.009615385,54.803125,0.013876041,56.30625,0
06-Oct-05,55.45,55.45,52.1,53.95,53.93361963,24450,121,1318677,24450,100,3.35,-1.5,-0.009821429,56.91176471,-0.018584071,57.87647059,-0.007619048,54.64411765,-0.015510949,56.16764706,0
07-Oct-05,54.45,56.6,51.5,55.55,55.40462445,33950,85,1880987,33950,100,5.1,1.1,-0.018034265,56.775,0.020739405,57.80555556,-0.011516315,54.46944444,0.02965709,56.13333333,0
10-Oct-05,56.45,56.7,52.8,53.1,54.14990196,20400,69,1104658,20400,100,3.9,-3.35,0.036730946,56.75789474,0.001766784,57.74736842,0.025242718,54.38157895,-0.04410441,55.97368421,0
11-Oct-05,54.9,54.9,50.45,52.05,51.67712823,19723,50,1019228,19723,100,4.45,-2.85,-0.027457927,56.665,-0.031746032,57.605,-0.044507576,54.185,-0.019774011,55.7775,0
13-Oct-05,53.95,53.95,49.6,50,50.83093722,5495,27,279316,5495,100,4.35,-3.95,-0.017304189,56.53571429,-0.017304189,57.43095238,-0.016848365,53.96666667,-0.039385207,55.50238095,0
14-Oct-05,51.95,51.95,47.55,48.75,48.75748031,1270,15,61922,1270,100,4.4,-3.2,-0.037071362,56.32727273,-0.037071362,57.18181818,-0.041330645,53.675,-0.025,55.19545455,0
17-Oct-05,50,50,46.35,46.35,47.53,2000,15,95060,2000,100,3.65,-3.65,-0.037536092,56.05217391,-0.037536092,56.86956522,-0.025236593,53.35652174,-0.049230769,54.81086957,0
18-Oct-05,44.05,48.65,44.05,48.65,47.47923019,20005,52,949822,20005,100,4.6,4.6,-0.119,55.55208333,-0.027,56.52708333,-0.049622438,52.96875,0.049622438,54.55416667,0
19-Oct-05,48.65,48.65,46.25,46.25,48.33333333,900,3,43500,900,100,2.4,-2.4,0.104426788,55.276,0,56.212,0.049943246,52.7,-0.049331963,54.222,0
20-Oct-05,48,48,43.95,45.5,46.24893401,9850,26,455552,9850,100,4.05,-2.5,-0.01336074,54.99615385,-0.01336074,55.89615385,-0.04972973,52.36346154,-0.016216216,53.88653846,0
21-Oct-05,46.5,47,43.25,43.9,44.95094832,502470,57,22586503,502470,100,3.75,-2.6,-0.03125,54.68148148,-0.020833333,55.56666667,-0.01592719,52.02592593,-0.035164835,53.51666667,0
24-Oct-05,42,43.5,41.75,41.75,42.02332567,73910,56,3105944,73910,100,1.75,-0.25,-0.096774194,54.22857143,-0.074468085,55.13571429,-0.034682081,51.65892857,-0.048974943,53.09642857,0
25-Oct-05,43.8,43.8,39.7,42.9,41.84532872,5780,37,241866,5780,100,4.1,-0.9,0.042857143,53.86896552,0.006896552,54.74482759,-0.049101796,51.24655172,0.02754491,52.74482759,0
26-Oct-05,45,45,41,45,44.83910604,10336,52,463457,10336,100,4,0,0.02739726,53.57333333,0.02739726,54.42,0.032745592,50.905,0.048951049,52.48666667,0
27-Oct-05,47.25,47.25,46,47,47.22895863,7010,34,331075,7010,100,1.25,-0.25,0.05,53.36935484,0.05,54.18870968,0.12195122,50.74677419,0.044444444,52.30967742,0
28-Oct-05,49.35,49.35,44.7,46.7,46.1994898,1960,32,90551,1960,100,4.65,-2.65,0.044444444,53.24375,0.044444444,54.0375,-0.02826087,50.5578125,-0.006382979,52.134375,0
31-Oct-05,44.4,48.95,44.4,48.8,47.3307605,4405,20,208492,4405,100,4.55,4.4,-0.100303951,52.97575758,-0.00810537,53.88333333,-0.006711409,50.37121212,0.04496788,52.03333333,0
01-Nov-05,51.2,51.2,48,51,50.98797814,4575,28,233270,4575,100,3.2,-0.2,0.153153153,52.92352941,0.045965271,53.80441176,0.081081081,50.30147059,0.045081967,52.00294118,0
02-Nov-05,53.55,53.55,50,51.75,50.95038865,139585,60,7111910,139585,100,3.55,-1.8,0.045898437,52.94142857,0.045898437,53.79714286,0.041666667,50.29285714,0.014705882,51.99571429,0
07-Nov-05,54.3,54.3,49.2,49.8,51.16706697,104503,79,5347112,104503,100,5.1,-4.5,0.014005602,52.97916667,0.014005602,53.81111111,-0.016,50.2625,-0.037681159,51.93472222,0
08-Nov-05,52.25,52.25,49.5,50.45,51.85961857,12060,45,625427,12060,100,2.75,-1.8,-0.037753223,52.95945946,-0.037753223,53.76891892,0.006097561,50.24189189,0.013052209,51.89459459,0
09-Nov-05,52.95,52.95,49.05,50.15,52.18928323,7185,25,374980,7185,100,3.9,-2.8,0.013397129,52.95921053,0.013397129,53.74736842,-0.009090909,50.21052632,-0.005946482,51.84868421,0
10-Nov-05,52.65,52.65,48,50.6,49.95451713,3210,28,160354,3210,100,4.65,-2.05,-0.005665722,52.95128205,-0.005665722,53.71923077,-0.021406728,50.15384615,0.008973081,51.81666667,0
11-Nov-05,51,53,48.55,49.35,51.02161256,115072,150,5871159,115072,100,4.45,-1.65,-0.031339031,52.9025,0.006647673,53.70125,0.011458333,50.11375,-0.024703557,51.755,0
14-Nov-05,51.8,51.8,49,50.05,50.43033994,14944,78,753631,14944,100,2.8,-1.75,0.015686275,52.87560976,-0.022641509,53.65487805,0.009268795,50.08658537,0.014184397,51.71341463,0
16-Nov-05,50,52.35,47.65,49.9,48.38020833,5376,50,260092,5376,100,4.7,-0.1,-0.034749035,52.80714286,0.010617761,53.62380952,-0.02755102,50.02857143,-0.002997003,51.6702381,0
17-Nov-05,50.9,50.9,47.5,49.7,49.0298164,58223,33,2854663,58223,100,3.4,-1.2,0.018,52.7627907,-0.027698185,53.56046512,-0.003147954,49.96976744,-0.004008016,51.6244186,0
18-Nov-05,51.7,52.15,47.25,49.2,49.66066584,16220,50,805496,16220,100,4.9,-2.5,0.015717092,52.73863636,0.024557957,53.52840909,-0.005263158,49.90795455,-0.010060362,51.56931818,0
21-Nov-05,51.25,51.25,46.9,47.1,48.29367553,5455,39,263442,5455,100,4.35,-4.15,-0.008704062,52.70555556,-0.01725791,53.47777778,-0.007407407,49.84111111,-0.042682927,51.47,0
22-Nov-05,48.9,49.45,47,49.15,49.21919021,38405,102,1890263,38405,100,2.45,0.25,-0.045853659,52.62282609,-0.035121951,53.39021739,0.002132196,49.77934783,0.043524416,51.41956522,0
23-Nov-05,51,51,49,49.5,50.11811819,68296,95,3422867,68296,100,2,-1.5,0.042944785,52.58829787,0.031344793,53.3393617,0.042553191,49.76276596,0.007121058,51.3787234,0
24-Nov-05,50.9,50.9,48.3,50.05,50.20918491,65760,104,3301756,65760,100,2.6,-0.85,-0.001960784,52.553125,-0.001960784,53.28854167,-0.014285714,49.73229167,0.011111111,51.35104167,0
25-Nov-05,52.5,52.5,50,50.55,51.20044793,13395,80,685830,12075,90.15,2.5,-1.95,0.031434185,52.55204082,0.031434185,53.27244898,0.035196687,49.7377551,0.00999001,51.33469388,0
26-Nov-05,52,53.05,49.5,52.9,52.1006877,24720,109,1287929,15695,63.49,3.55,0.9,-0.00952381,52.541,0.01047619,53.268,-0.01,49.733,0.046488625,51.366,0
28-Nov-05,54,55.5,53.35,53.7,54.51935529,49573,176,2702688,47889,96.6,2.15,-0.3,0.038461538,52.56960784,0.046182846,53.31176471,0.077777778,49.80392157,0.015122873,51.41176471,0
29-Nov-05,53.5,55.85,51.05,51.1,53.08766435,25860,133,1372847,20770,80.32,4.8,-2.4,-0.009259259,52.5875,0.006306306,53.36057692,-0.043111528,49.82788462,-0.048417132,51.40576923,0
30-Nov-05,51.2,53.65,48.55,49.8,51.2418813,40185,182,2059155,29511,73.44,5.1,-1.4,-0.042990654,52.56132075,-0.039391226,53.36603774,-0.048971596,49.80377358,-0.025440313,51.3754717,0
01-Dec-05,52,52,49.75,50.65,50.42723005,6603,49,332971,5853,88.64,2.25,-1.35,0.015625,52.55092593,-0.030754893,53.34074074,0.024716787,49.80277778,0.017068273,51.36203704,0
02-Dec-05,52,52.95,50,52.1,51.73244782,18445,93,954205,11805,64,2.95,0.1,0,52.54090909,0.018269231,53.33363636,0.005025126,49.80636364,0.028627838,51.37545455,0
05-Dec-05,54.6,54.6,49.5,50.35,52.53624345,68909,202,3620220,35126,50.97,5.1,-4.25,0.05,52.57767857,0.031161473,53.35625,-0.01,49.80089286,-0.033589251,51.35714286,0
06-Dec-05,51.75,52.85,51,52.8,52.62325694,37219,136,1958585,31071,83.48,1.85,1.05,-0.052197802,52.56315789,-0.032051282,53.34736842,0.03030303,49.82192982,0.048659384,51.38245614,0
07-Dec-05,53.8,55.2,52.1,54.45,53.85774767,49602,149,2671452,41300,83.26,3.1,0.65,0.039613527,52.58448276,0.044465468,53.37931034,0.021568627,49.8612069,0.03125,51.43534483,0
08-Dec-05,53.4,56.45,53,54.25,54.9733294,67865,179,3730765,60515,89.17,3.45,0.85,-0.007434944,52.59830508,0.022644928,53.43135593,0.017274472,49.91440678,-0.003673095,51.48305085,0
09-Dec-05,55,55.5,52,52.8,53.7787892,22960,106,1234761,17091,74.44,3.5,-2.2,0.029962547,52.63833333,-0.016829052,53.46583333,-0.018867925,49.94916667,-0.026728111,51.505,0
12-Dec-05,53.5,53.5,51,52.05,52.12651163,6450,44,336216,5575,86.43,2.5,-1.45,-0.027272727,52.65245902,-0.036036036,53.46639344,-0.019230769,49.96639344,-0.014204545,51.51393443,0
13-Dec-05,52.2,52.2,49.5,50.6,50.67021887,12199,57,618126,11725,96.11,2.7,-1.6,-0.024299065,52.64516129,-0.024299065,53.44596774,-0.029411765,49.95887097,-0.027857829,51.49919355,0
14-Dec-05,51,52.05,48.1,50.85,49.67422927,65101,161,3233842,34651,53.23,3.95,-0.15,-0.022988506,52.61904762,-0.002873563,53.42380952,-0.028282828,49.92936508,0.004940711,51.48888889,0
15-Dec-05,49.15,50.15,48.35,48.45,49.1908084,16341,66,803827,15490,94.79,1.8,-0.7,-0.03627451,52.56484375,-0.036503362,53.37265625,0.005197505,49.9046875,-0.04719764,51.44140625,0
16-Dec-05,48.25,49.35,46.15,47.55,47.70210915,4599,24,219382,4249,92.39,3.2,-0.7,-0.018311292,52.49846154,-0.015952144,53.31076923,-0.045501551,49.84692308,-0.018575851,51.38153846,0
19-Dec-05,47.55,48.45,47.5,47.55,47.88528816,5431,38,260065,5230,96.3,0.95,0,-0.014507772,52.42348485,-0.018237082,53.23712121,0.029252438,49.81136364,0,51.32348485,0
20-Dec-05,48,49.85,45.5,47.95,46.98737183,9265,50,435338,6335,68.38,4.35,-0.05,0.009463722,52.35746269,0.028895769,53.18656716,-0.042105263,49.74701493,0.008412198,51.27313433,0
21-Dec-05,46.05,50.2,46.05,49.05,48.76490548,18567,96,905418,14576,78.5,4.15,3,-0.040625,52.26470588,0.007021063,53.14264706,0.012087912,49.69264706,0.022940563,51.24044118,0
22-Dec-05,47,50.3,47,47.7,48.77714691,28180,82,1374540,24050,85.34,3.3,0.7,0.02062975,52.1884058,0.001992032,53.10144928,0.02062975,49.65362319,-0.027522936,51.18913043,0
23-Dec-05,48.95,48.95,45.35,45.35,45.92814818,25483,87,1170387,22349,87.7,3.6,-3.6,0.041489362,52.14214286,-0.026838966,53.04214286,-0.035106383,49.59214286,-0.049266247,51.10571429,0
26-Dec-05,45.7,45.7,43.1,43.75,43.8290592,13531,55,593051,12351,91.28,2.6,-1.95,-0.06639428,52.05140845,-0.06639428,52.93873239,-0.049614112,49.50070423,-0.035281147,51.00211268,0
27-Dec-05,44,44.9,42.5,43.1,43.48127103,40125,39,1744686,38710,96.47,2.4,-0.9,-0.037199125,51.93958333,-0.01750547,52.82708333,-0.013921114,49.40347222,-0.014857143,50.89236111,0
28-Dec-05,44.75,44.8,40.95,41.3,41.95632884,11495,55,482288,8570,74.55,3.85,-3.45,0.017045455,51.84109589,-0.002227171,52.71712329,-0.036470588,49.28767123,-0.041763341,50.7609589,0
29-Dec-05,41.9,42.3,39.25,39.95,39.78469739,15383,90,612008,10050,65.33,3.05,-1.95,-0.063687151,51.70675676,-0.055803571,52.57635135,-0.041514042,49.15202703,-0.032687651,50.61486486,0
30-Dec-05,39.05,39.9,38.95,39.15,39.45011547,4330,26,170819,4130,95.38,0.95,0.1,-0.068019093,51.538,-0.056737589,52.40733333,-0.007643312,49.016,-0.020025031,50.462,0
02-Jan-06,40.95,41.1,40.35,41.1,40.98207993,13337,48,546578,12975,97.29,0.75,0.15,0.04865557,51.39868421,0.030075188,52.25855263,0.035943517,48.90197368,0.049808429,50.33881579,0
03-Jan-06,43,43.15,43,43.15,43.13380282,1136,11,49000,1036,91.2,0.15,0.15,0.05006105,51.28961039,0.049878345,52.14025974,0.065675341,48.82532468,0.049878345,50.24545455,0
04-Jan-06,45.25,45.3,45.15,45.3,45.28554331,15875,69,718908,15675,98.74,0.15,0.05,0.052325581,51.21217949,0.049826188,52.0525641,0.05,48.77820513,0.049826188,50.18205128,0
05-Jan-06,47.55,47.55,45.05,45.85,45.70718608,24951,89,1140440,21235,85.11,2.5,-1.7,0.050828729,51.16582278,0.049668874,51.99556962,-0.002214839,48.73101266,0.01214128,50.12721519,0
06-Jan-06,48.1,48.1,44.5,45.55,45.53894283,4635,54,211073,3690,79.61,3.6,-2.55,0.011566772,51.1275,0.011566772,51.946875,-0.012208657,48.678125,-0.006543075,50.07,0
09-Jan-06,47.8,47.8,43.3,43.7,44.23383769,27626,107,1222004,24889,90.09,4.5,-4.1,-0.006237006,51.08641975,-0.006237006,51.89567901,-0.026966292,48.6117284,-0.040614709,49.99135802,0
10-Jan-06,45.25,45.25,41.8,42.55,42.96911157,9680,48,415941,7780,80.37,3.45,-2.7,-0.05334728,51.0152439,-0.05334728,51.81463415,-0.034642032,48.52865854,-0.026315789,49.90060976,0
12-Jan-06,43,44.65,42.65,43.85,43.63282344,17847,76,778715,14917,83.58,2,0.85,-0.049723757,50.9186747,-0.013259669,51.72831325,0.020334928,48.45783133,0.030552291,49.82771084,0
13-Jan-06,44.85,44.85,42.4,42.75,43.2808089,24725,81,1070118,22850,92.42,2.45,-2.1,0.043023256,50.84642857,0.004479283,51.64642857,-0.005861665,48.38571429,-0.025085519,49.74345238,0
16-Jan-06,44.1,44.1,41.25,41.75,42.11685864,4775,26,201108,3825,80.1,2.85,-2.35,-0.016722408,50.76705882,-0.016722408,51.55764706,-0.027122642,48.30176471,-0.023391813,49.64941176,0
17-Jan-06,42.8,42.8,40.5,42.3,41.04700637,39250,45,1611095,38850,98.98,2.3,-0.5,-0.029478458,50.6744186,-0.029478458,51.45581395,-0.018181818,48.21104651,0.013173653,49.56395349,0
18-Jan-06,44.4,44.4,44,44.4,44.39282704,23728,71,1053353,23215,97.84,0.4,0,0.037383178,50.60229885,0.037383178,51.37471264,0.086419753,48.16264368,0.04964539,49.5045977,0
19-Jan-06,46.6,46.6,46.2,46.6,46.59077149,10901,22,507886,10901,100,0.4,0,0.04954955,50.55681818,0.04954955,51.32045455,0.05,48.14034091,0.04954955,49.47159091,0
20-Jan-06,48.8,48.9,47,48.45,48.738381,31328,172,1526876,29278,93.46,1.9,-0.35,0.0472103,50.53707865,0.049356223,51.29325843,0.017316017,48.12752809,0.039699571,49.46011236,0
23-Jan-06,49.85,50.8,46.05,46.3,47.19026127,74445,111,3513079,69940,93.95,4.75,-3.55,0.021516393,50.52944444,0.038854806,51.28777778,-0.020212766,48.10444444,-0.044375645,49.425,0
24-Jan-06,47.5,47.95,44.75,45.35,45.47040483,39128,64,1779166,38194,97.61,3.2,-2.15,-0.047141424,50.49615385,-0.056102362,51.2510989,-0.028230185,48.06758242,-0.020518359,49.38021978,0
25-Jan-06,45.5,47.3,44.25,44.9,45.59895746,5947,51,271177,5182,87.14,3.05,-0.6,-0.042105263,50.44184783,-0.013555787,51.20815217,-0.011173184,48.02608696,-0.009922822,49.33152174,0
27-Jan-06,43.05,45,42.75,42.95,43.25755777,98541,71,4262643,55145,55.96,2.25,-0.1,-0.053846154,50.36236559,-0.048625793,51.14139785,-0.033898305,47.96935484,-0.043429844,49.26290323,0
30-Jan-06,44,44.5,40.9,41.4,42.1197284,13255,73,558297,11005,83.03,3.6,-2.6,0.022067364,50.29468085,-0.011111111,51.07074468,-0.043274854,47.89414894,-0.036088475,49.17925532,0
31-Jan-06,42,42,39.4,39.8,40.2136646,4830,45,194232,4650,96.27,2.6,-2.2,-0.045454545,50.20736842,-0.056179775,50.97526316,-0.036674817,47.80473684,-0.038647343,49.08052632,0
01-Feb-06,41.7,41.75,37.9,41.4,40.72168478,18400,81,749279,16775,91.17,3.85,-0.3,-0.007142857,50.11875,-0.005952381,50.87916667,-0.038071066,47.7015625,0.040201005,49.00052083,0
02-Feb-06,43.4,43.4,39.4,40.05,40.68853868,3490,45,142003,2435,69.77,4,-3.35,0.040767386,50.04948454,0.039520958,50.80206186,0.039577836,47.61597938,-0.032608696,48.90824742,0
03-Feb-06,41.4,41.4,39.05,39.9,39.48457143,2625,19,103647,2610,99.43,2.35,-1.5,-0.046082949,49.96122449,-0.046082949,50.70612245,-0.008883249,47.52857143,-0.003745318,48.81632653,0
06-Feb-06,37.95,41.85,37.95,40.7,40.21817953,15886,68,638906,13760,86.62,3.9,2.75,-0.083333333,49.83989899,0.010869565,50.61666667,-0.028169014,47.43181818,0.020050125,48.73434343,0
07-Feb-06,42.5,42.6,39,40.75,40.71530542,7285,43,296611,5820,79.89,3.6,-1.75,0.119894598,49.7665,0.017921147,50.5365,0.027667984,47.3475,0.001228501,48.6545,0
08-Feb-06,39.15,41.5,39.15,39.95,39.92797381,2749,34,109762,2433,88.5,2.35,0.8,-0.078823529,49.66138614,-0.025821596,50.4470297,0.003846154,47.26633663,-0.019631902,48.56831683,0
10-Feb-06,41.3,41.3,39.1,39.2,39.89585799,2535,31,101136,2050,80.87,2.2,-2.1,0.054916986,49.57941176,-0.004819277,50.35735294,-0.001277139,47.18627451,-0.018773467,48.47647059,0
13-Feb-06,41.15,41.15,37.25,37.45,38.30014918,140770,93,5391512,114485,81.33,3.9,-3.7,-0.003631961,49.49757282,-0.003631961,50.26796117,-0.047314578,47.08980583,-0.044642857,48.36941748,0
14-Feb-06,36,38.7,35.6,35.9,36.29885573,13371,74,485352,9706,72.59,3.1,-0.1,-0.125151883,49.36778846,-0.059538275,50.15673077,-0.044295302,46.97932692,-0.041388518,48.24951923,0
15-Feb-06,34.2,37,34.2,34.7,35.11370023,48751,50,1711828,46665,95.72,2.8,0.5,-0.05,49.22333333,-0.043927649,50.03142857,-0.039325843,46.85761905,-0.033426184,48.12047619,0
16-Feb-06,35.9,35.9,33,33.2,33.68260471,16355,102,550879,9901,60.54,2.9,-2.7,0.049707602,49.09764151,-0.02972973,49.89811321,-0.035087719,46.72688679,-0.043227666,47.97971698,0
17-Feb-06,34.55,34.55,32.15,32.55,32.68767123,5475,49,178965,4960,90.59,2.4,-2,-0.037604457,48.96168224,-0.037604457,49.7546729,-0.025757576,46.59065421,-0.019578313,47.83551402,0
20-Feb-06,33.75,33.75,30.95,31.15,31.38937796,13745,66,431447,11090,80.68,2.8,-2.6,-0.023154848,48.82083333,-0.023154848,49.60648148,-0.037325039,46.44583333,-0.043010753,47.68101852,0
21-Feb-06,31.9,32.5,30,31.1,31.59009688,13935,70,440208,10555,75.74,2.5,-0.8,-0.054814815,48.66559633,-0.037037037,49.44954128,-0.030694669,46.29495413,-0.001605136,47.52889908,0
22-Feb-06,32.5,32.5,30,31.7,31.66593156,13150,45,416407,12510,95.13,2.5,-0.8,0.018808777,48.51863636,0,49.29545455,0,46.14681818,0.019292605,47.385,0
23-Feb-06,33,33,31,31,31.23016859,5635,19,175982,5335,94.68,2,-2,0.015384615,48.37882883,0.015384615,49.14864865,0.033333333,46.01036036,-0.022082019,47.23738739,0
24-Feb-06,32.3,32.3,30.65,30.9,30.86442688,2530,27,78087,2270,89.72,1.65,-1.4,-0.021212121,48.23526786,-0.021212121,48.99821429,-0.011290323,45.87321429,-0.003225806,47.09151786,0
27-Feb-06,31.9,32.4,30.35,32.4,31.68391994,7245,38,229550,6835,94.34,2.05,0.5,-0.012383901,48.09070796,0.003095975,48.85132743,-0.009787928,45.73584071,0.048543689,46.96150442,0
28-Feb-06,32,33.8,32,33.75,32.73427883,7474,21,244656,7174,95.99,1.8,1.75,0.003134796,47.9495614,0.043209877,48.71929825,0.054365733,45.61535088,0.041666667,46.84561404,0
01-Mar-06,35.4,35.4,34,34.95,34.46353276,3510,24,120967,3510,100,1.4,-0.45,0.10625,47.84043478,0.047337278,48.60347826,0.0625,45.51434783,0.035555556,46.74217391,0
02-Mar-06,33.6,35.5,33.6,34.05,34.77858509,2615,20,90946,2583,98.78,1.9,0.45,-0.050847458,47.71767241,0.002824859,48.49051724,-0.011764706,45.41163793,-0.025751073,46.63275862,0
03-Mar-06,35.75,35.75,32.35,32.45,32.79336371,7022,50,230275,4465,63.59,3.4,-3.3,0.063988095,47.61538462,0.007042254,48.38162393,-0.037202381,45.3,-0.046989721,46.51153846,0
06-Mar-06,34.05,34.05,30.85,31.95,31.779329,9240,48,293641,7850,84.96,3.2,-2.1,-0.047552448,47.50042373,-0.047552448,48.26016949,-0.046367852,45.17754237,-0.01540832,46.38813559,0
07-Mar-06,33.5,33.5,30.55,30.75,31.21839827,4620,44,144229,4028,87.19,2.95,-2.75,-0.016152717,47.38277311,-0.016152717,48.13613445,-0.009724473,45.05462185,-0.037558685,46.25672269,0
08-Mar-06,32.1,32.1,30.15,30.6,30.81315789,1520,18,46836,1405,92.43,1.95,-1.5,-0.041791045,47.25541667,-0.041791045,48.0025,-0.01309329,44.93041667,-0.004878049,46.12625,0
09-Mar-06,31,31,29.1,29.35,29.3095698,5695,32,166918,5160,90.61,1.9,-1.65,-0.034267913,47.12107438,-0.034267913,47.86198347,-0.034825871,44.79958678,-0.040849673,45.98760331,0
10-Mar-06,27.9,30.8,27.9,28,28.26731278,5675,57,160417,4774,84.12,2.9,0.1,-0.1,46.96352459,-0.006451613,47.72213115,-0.041237113,44.66106557,-0.045996593,45.84016393,0
13-Mar-06,28.95,29.4,26.85,29.4,28.93929983,7084,61,205006,5579,78.75,2.55,0.45,0.037634409,46.81707317,-0.045454545,47.57317073,-0.037634409,44.51626016,0.05,45.70650407,0
14-Mar-06,30.75,30.85,29.5,30.05,30.5868984,8976,69,274548,5205,57.99,1.35,-0.7,0.062176166,46.6875,0.049319728,47.43830645,0.098696462,44.39516129,0.022108844,45.58024194,0
16-Mar-06,31.5,31.55,29.5,30.7,30.95359167,13058,69,404192,10085,77.23,2.05,-0.8,0.024390244,46.566,0.022690438,47.3112,0,44.276,0.021630616,45.4612,0
17-Mar-06,32.15,32.2,29.2,30.05,30.37556482,46032,106,1398248,35700,77.55,3,-2.1,0.020634921,46.4515873,0.020602219,47.19126984,-0.010169492,44.15634921,-0.021172638,45.33888889,0
20-Mar-06,29.85,29.95,28.7,29.15,29.19441771,11429,30,333663,10760,94.15,1.25,-0.7,-0.071539658,46.32086614,-0.069875776,47.05551181,-0.017123288,44.03464567,-0.029950083,45.21141732,0
21-Mar-06,30.55,30.55,27.7,27.8,28.13667797,14750,100,415016,10986,74.48,2.85,-2.75,0.023450586,46.19765625,0.020033389,46.9265625,-0.034843206,43.90703125,-0.046312178,45.07539063,0
22-Mar-06,28.8,28.8,26.45,26.5,27.36460633,8154,47,223131,7499,91.97,2.35,-2.3,-0.057283142,46.0627907,-0.057283142,46.78604651,-0.045126354,43.77170543,-0.04676259,44.93139535,0
23-Mar-06,26.5,27,25.2,25.85,25.99466497,125960,51,3274288,125190,99.39,1.8,-0.65,-0.079861111,45.91230769,-0.0625,46.63384615,-0.047258979,43.62884615,-0.024528302,44.78461538,0
24-Mar-06,26.5,26.5,25.25,25.75,25.61067901,16200,20,414893,6210,38.33,1.25,-0.75,0,45.76412214,-0.018518519,46.48015267,0.001984127,43.48854962,-0.003868472,44.63931298,0
27-Mar-06,26.9,26.9,24.5,24.5,24.7600983,6511,41,161213,6385,98.06,2.4,-2.4,0.01509434,45.62121212,0.01509434,46.33181818,-0.02970297,43.34469697,-0.048543689,44.48674242,0
28-Mar-06,23.5,24.45,23.3,23.5,23.9472444,139625,90,3343634,135775,97.24,1.15,0,-0.126394052,45.45488722,-0.091078067,46.16729323,-0.048979592,43.19398496,-0.040816327,44.32894737,0
29-Mar-06,23.5,24.5,22.35,22.35,22.52907931,5485,30,123572,5335,97.27,2.15,-1.15,0,45.29104478,0.00204499,46.00559701,-0.040772532,43.03843284,-0.04893617,44.16492537,0
30-Mar-06,22,23,21.25,21.25,21.55562201,8360,31,180205,8060,96.41,1.75,-0.75,-0.063829787,45.11851852,-0.06122449,45.83518519,-0.049217002,42.87703704,-0.049217002,43.99518519,0
31-Mar-06,22.3,22.3,20.2,21.6,21.28284539,12399,53,263886,11299,91.13,2.1,-0.7,0.013636364,44.95073529,-0.030434783,45.66213235,-0.049411765,42.71029412,0.016470588,43.83051471,0
